policy_id,risk_score
POL-015001,0.20609714
POL-015002,0.22053798
POL-015003,0.2307271
POL-015004,0.14554414
POL-015005,0.1923767
POL-015006,0.096101575
POL-015007,0.10573053
POL-015008,0.068773896
POL-015009,0.14116946
POL-015010,0.10009572
POL-015011,0.42291847
POL-015012,0.124294765
POL-015013,0.19969438
POL-015014,0.23000984
POL-015015,0.26286194
POL-015016,0.19923623
POL-015017,0.11835561
POL-015018,0.12715824
POL-015019,0.17183346
POL-015020,0.20830473
POL-015021,0.2405667
POL-015022,0.26231658
POL-015023,0.16352609
POL-015024,0.28269812
POL-015025,0.09066323
POL-015026,0.04703513
POL-015027,0.18042022
POL-015028,0.06615812
POL-015029,0.0770239
POL-015030,0.101211965
POL-015031,0.13999891
POL-015032,0.18321493
POL-015033,0.17903982
POL-015034,0.06099494
POL-015035,0.23613454
POL-015036,0.056436483
POL-015037,0.10156717
POL-015038,0.15363963
POL-015039,0.06377276
POL-015040,0.1155646
POL-015041,0.07606818
POL-015042,0.26252976
POL-015043,0.08884279
POL-015044,0.07303994
POL-015045,0.060784265
POL-015046,0.12604623
POL-015047,0.1141586
POL-015048,0.066563234
POL-015049,0.12445317
POL-015050,0.12938876
POL-015051,0.2038834
POL-015052,0.17680112
POL-015053,0.07930635
POL-015054,0.26292625
POL-015055,0.10513584
POL-015056,0.12798609
POL-015057,0.21739237
POL-015058,0.11998261
POL-015059,0.07493562
POL-015060,0.138693
POL-015061,0.09798239
POL-015062,0.15841377
POL-015063,0.15061279
POL-015064,0.13547431
POL-015065,0.32042152
POL-015066,0.10273499
POL-015067,0.048556097
POL-015068,0.22011843
POL-015069,0.15526232
POL-015070,0.15501812
POL-015071,0.054566927
POL-015072,0.14711389
POL-015073,0.24984485
POL-015074,0.36159897
POL-015075,0.11582119
POL-015076,0.32478744
POL-015077,0.17307872
POL-015078,0.12452003
POL-015079,0.036886632
POL-015080,0.11673967
POL-015081,0.11086643
POL-015082,0.15876609
POL-015083,0.12494224
POL-015084,0.14900906
POL-015085,0.34803423
POL-015086,0.15551007
POL-015087,0.14434984
POL-015088,0.057045616
POL-015089,0.15535851
POL-015090,0.46082574
POL-015091,0.23563452
POL-015092,0.31734195
POL-015093,0.14228986
POL-015094,0.102950834
POL-015095,0.4038644
POL-015096,0.0658705
POL-015097,0.10662944
POL-015098,0.18120739
POL-015099,0.07193644
POL-015100,0.11552061
POL-015101,0.093442544
POL-015102,0.1735709
POL-015103,0.08971674
POL-015104,0.25590697
POL-015105,0.1026345
POL-015106,0.25203001
POL-015107,0.051347323
POL-015108,0.24567086
POL-015109,0.22917129
POL-015110,0.110278875
POL-015111,0.2053159
POL-015112,0.12753527
POL-015113,0.17600216
POL-015114,0.15466678
POL-015115,0.14609277
POL-015116,0.24504746
POL-015117,0.16982324
POL-015118,0.071832746
POL-015119,0.54267913
POL-015120,0.01797062
POL-015121,0.11556292
POL-015122,0.1588621
POL-015123,0.21169078
POL-015124,0.18694672
POL-015125,0.23724969
POL-015126,0.2500151
POL-015127,0.04632413
POL-015128,0.15682119
POL-015129,0.37314126
POL-015130,0.18841276
POL-015131,0.3189275
POL-015132,0.028465148
POL-015133,0.14812501
POL-015134,0.13893291
POL-015135,0.09150057
POL-015136,0.22285794
POL-015137,0.19613114
POL-015138,0.052560106
POL-015139,0.06813105
POL-015140,0.20532294
POL-015141,0.19972831
POL-015142,0.10560055
POL-015143,0.11618594
POL-015144,0.19580293
POL-015145,0.031566232
POL-015146,0.081907615
POL-015147,0.14008373
POL-015148,0.0544306
POL-015149,0.07557351
POL-015150,0.13095371
POL-015151,0.2236836
POL-015152,0.2884855
POL-015153,0.15006365
POL-015154,0.054282617
POL-015155,0.11043836
POL-015156,0.073362924
POL-015157,0.0971839
POL-015158,0.103717566
POL-015159,0.06243327
POL-015160,0.08761963
POL-015161,0.14552696
POL-015162,0.09021706
POL-015163,0.13252309
POL-015164,0.12063563
POL-015165,0.1534207
POL-015166,0.057047483
POL-015167,0.18526857
POL-015168,0.2670012
POL-015169,0.19203623
POL-015170,0.19619395
POL-015171,0.32949597
POL-015172,0.13538356
POL-015173,0.14595878
POL-015174,0.021341618
POL-015175,0.34750736
POL-015176,0.26625025
POL-015177,0.27143815
POL-015178,0.098182246
POL-015179,0.19426697
POL-015180,0.08119061
POL-015181,0.2007833
POL-015182,0.18640831
POL-015183,0.22113575
POL-015184,0.056011934
POL-015185,0.22950621
POL-015186,0.1460059
POL-015187,0.0713735
POL-015188,0.155229
POL-015189,0.12480803
POL-015190,0.06307269
POL-015191,0.16600761
POL-015192,0.2868795
POL-015193,0.12885086
POL-015194,0.12043028
POL-015195,0.09401394
POL-015196,0.11307457
POL-015197,0.097935244
POL-015198,0.14901046
POL-015199,0.31482425
POL-015200,0.11817206
POL-015201,0.2015972
POL-015202,0.1574974
POL-015203,0.09832509
POL-015204,0.04114874
POL-015205,0.19600642
POL-015206,0.07704095
POL-015207,0.06747019
POL-015208,0.1319494
POL-015209,0.09687427
POL-015210,0.40655875
POL-015211,0.24618508
POL-015212,0.39018306
POL-015213,0.10137993
POL-015214,0.4296918
POL-015215,0.20791037
POL-015216,0.15800124
POL-015217,0.05031296
POL-015218,0.14440688
POL-015219,0.24521825
POL-015220,0.10102878
POL-015221,0.132463
POL-015222,0.116046466
POL-015223,0.1856275
POL-015224,0.26019165
POL-015225,0.39128643
POL-015226,0.167719
POL-015227,0.13640837
POL-015228,0.16664483
POL-015229,0.1532782
POL-015230,0.13612549
POL-015231,0.17533629
POL-015232,0.108765386
POL-015233,0.24302414
POL-015234,0.16110547
POL-015235,0.23497267
POL-015236,0.16563347
POL-015237,0.09954864
POL-015238,0.14837648
POL-015239,0.32296157
POL-015240,0.14248478
POL-015241,0.120557696
POL-015242,0.13961847
POL-015243,0.2023988
POL-015244,0.15319242
POL-015245,0.1539386
POL-015246,0.16671534
POL-015247,0.28367382
POL-015248,0.25302184
POL-015249,0.11729706
POL-015250,0.23238792
POL-015251,0.11438049
POL-015252,0.21379702
POL-015253,0.23493339
POL-015254,0.44932497
POL-015255,0.22924364
POL-015256,0.1694958
POL-015257,0.11026737
POL-015258,0.20103005
POL-015259,0.32738084
POL-015260,0.12885854
POL-015261,0.16245888
POL-015262,0.25472558
POL-015263,0.42566383
POL-015264,0.23928891
POL-015265,0.30997676
POL-015266,0.109896116
POL-015267,0.06695614
POL-015268,0.16124946
POL-015269,0.25911158
POL-015270,0.15965328
POL-015271,0.033587363
POL-015272,0.34782907
POL-015273,0.113660365
POL-015274,0.108408995
POL-015275,0.2740031
POL-015276,0.19327614
POL-015277,0.29358497
POL-015278,0.12114955
POL-015279,0.13176383
POL-015280,0.22462106
POL-015281,0.13922788
POL-015282,0.120753184
POL-015283,0.1597613
POL-015284,0.07016717
POL-015285,0.114264
POL-015286,0.12419866
POL-015287,0.047390956
POL-015288,0.167879
POL-015289,0.48230708
POL-015290,0.021640537
POL-015291,0.10858585
POL-015292,0.29535693
POL-015293,0.21955891
POL-015294,0.07863409
POL-015295,0.117780246
POL-015296,0.11409535
POL-015297,0.06443514
POL-015298,0.13031027
POL-015299,0.11487731
POL-015300,0.24080367
POL-015301,0.16462715
POL-015302,0.07849953
POL-015303,0.12930508
POL-015304,0.15972227
POL-015305,0.04211043
POL-015306,0.16384147
POL-015307,0.08863658
POL-015308,0.13210757
POL-015309,0.039466366
POL-015310,0.09068452
POL-015311,0.19887462
POL-015312,0.13996714
POL-015313,0.2533842
POL-015314,0.12465132
POL-015315,0.06725573
POL-015316,0.13365312
POL-015317,0.14269365
POL-015318,0.13455953
POL-015319,0.098520614
POL-015320,0.20622943
POL-015321,0.080381095
POL-015322,0.29046732
POL-015323,0.17778812
POL-015324,0.082733154
POL-015325,0.24903138
POL-015326,0.17924023
POL-015327,0.14741763
POL-015328,0.29985774
POL-015329,0.07144436
POL-015330,0.048407417
POL-015331,0.4367145
POL-015332,0.13325353
POL-015333,0.036617864
POL-015334,0.18090078
POL-015335,0.20664378
POL-015336,0.09565726
POL-015337,0.06992818
POL-015338,0.37891743
POL-015339,0.10191252
POL-015340,0.056930233
POL-015341,0.1499223
POL-015342,0.13828811
POL-015343,0.0885308
POL-015344,0.14961445
POL-015345,0.07785205
POL-015346,0.39104033
POL-015347,0.18135989
POL-015348,0.123959586
POL-015349,0.33857545
POL-015350,0.08582272
POL-015351,0.36754775
POL-015352,0.27382725
POL-015353,0.051395673
POL-015354,0.0928121
POL-015355,0.11905588
POL-015356,0.043885235
POL-015357,0.22779267
POL-015358,0.105169155
POL-015359,0.14617968
POL-015360,0.32149467
POL-015361,0.051262934
POL-015362,0.16005561
POL-015363,0.1507097
POL-015364,0.057452567
POL-015365,0.7710235
POL-015366,0.6839504
POL-015367,0.22696628
POL-015368,0.14996913
POL-015369,0.07182693
POL-015370,0.10383365
POL-015371,0.4143934
POL-015372,0.034627326
POL-015373,0.1907392
POL-015374,0.08420628
POL-015375,0.08970421
POL-015376,0.0714122
POL-015377,0.075773284
POL-015378,0.124116816
POL-015379,0.10689607
POL-015380,0.26741764
POL-015381,0.34969643
POL-015382,0.15080884
POL-015383,0.25105575
POL-015384,0.07022485
POL-015385,0.082954854
POL-015386,0.33181596
POL-015387,0.07973737
POL-015388,0.24108832
POL-015389,0.29849404
POL-015390,0.10560318
POL-015391,0.13020283
POL-015392,0.3273221
POL-015393,0.16267295
POL-015394,0.10776859
POL-015395,0.11774433
POL-015396,0.111645326
POL-015397,0.11631652
POL-015398,0.1739919
POL-015399,0.10549347
POL-015400,0.19401026
POL-015401,0.17543457
POL-015402,0.29280278
POL-015403,0.11567065
POL-015404,0.020087382
POL-015405,0.4099602
POL-015406,0.07702919
POL-015407,0.05852118
POL-015408,0.148095
POL-015409,0.030863091
POL-015410,0.06505421
POL-015411,0.11898978
POL-015412,0.10871811
POL-015413,0.10835572
POL-015414,0.14527081
POL-015415,0.2570429
POL-015416,0.04998698
POL-015417,0.11282469
POL-015418,0.084641814
POL-015419,0.1009852
POL-015420,0.36114487
POL-015421,0.2903185
POL-015422,0.29290363
POL-015423,0.106254816
POL-015424,0.036105428
POL-015425,0.048609655
POL-015426,0.1114634
POL-015427,0.13555405
POL-015428,0.12627739
POL-015429,0.14236121
POL-015430,0.100897826
POL-015431,0.08286155
POL-015432,0.057413924
POL-015433,0.2013855
POL-015434,0.044471253
POL-015435,0.14078459
POL-015436,0.034423914
POL-015437,0.062573336
POL-015438,0.14505294
POL-015439,0.21818104
POL-015440,0.2728445
POL-015441,0.10098611
POL-015442,0.20475104
POL-015443,0.06337949
POL-015444,0.14248118
POL-015445,0.12542902
POL-015446,0.1296613
POL-015447,0.12299626
POL-015448,0.1445126
POL-015449,0.1678741
POL-015450,0.20009615
POL-015451,0.08845719
POL-015452,0.28166127
POL-015453,0.11052092
POL-015454,0.09242178
POL-015455,0.0985663
POL-015456,0.23779252
POL-015457,0.097474724
POL-015458,0.05865208
POL-015459,0.25577465
POL-015460,0.1594872
POL-015461,0.31420097
POL-015462,0.2898688
POL-015463,0.14472654
POL-015464,0.19627893
POL-015465,0.10268541
POL-015466,0.27140126
POL-015467,0.15132542
POL-015468,0.1920859
POL-015469,0.22139685
POL-015470,0.25001517
POL-015471,0.056879155
POL-015472,0.17299838
POL-015473,0.1367105
POL-015474,0.0786172
POL-015475,0.08381493
POL-015476,0.27169013
POL-015477,0.38196644
POL-015478,0.14204189
POL-015479,0.06669656
POL-015480,0.15822703
POL-015481,0.1528115
POL-015482,0.1266877
POL-015483,0.22074594
POL-015484,0.17994638
POL-015485,0.15111221
POL-015486,0.12393197
POL-015487,0.25388384
POL-015488,0.15297781
POL-015489,0.37513492
POL-015490,0.091555506
POL-015491,0.035646744
POL-015492,0.09052056
POL-015493,0.4111555
POL-015494,0.19988097
POL-015495,0.05839756
POL-015496,0.14609018
POL-015497,0.064650096
POL-015498,0.13256201
POL-015499,0.24578218
POL-015500,0.20700657
POL-015501,0.15882966
POL-015502,0.20506412
POL-015503,0.21967375
POL-015504,0.17229266
POL-015505,0.063406765
POL-015506,0.04615559
POL-015507,0.25513688
POL-015508,0.19594966
POL-015509,0.087814786
POL-015510,0.3891908
POL-015511,0.07183568
POL-015512,0.2124072
POL-015513,0.082028694
POL-015514,0.13611244
POL-015515,0.14900428
POL-015516,0.122219436
POL-015517,0.0338506
POL-015518,0.36143935
POL-015519,0.40835357
POL-015520,0.5708257
POL-015521,0.101771094
POL-015522,0.144951
POL-015523,0.34384882
POL-015524,0.2712527
POL-015525,0.22822702
POL-015526,0.06805711
POL-015527,0.14289503
POL-015528,0.29105455
POL-015529,0.13272116
POL-015530,0.10750975
POL-015531,0.1635305
POL-015532,0.08410316
POL-015533,0.15442048
POL-015534,0.15514429
POL-015535,0.1979881
POL-015536,0.10746546
POL-015537,0.120016515
POL-015538,0.27937007
POL-015539,0.1821209
POL-015540,0.1426195
POL-015541,0.23309918
POL-015542,0.2440868
POL-015543,0.07375252
POL-015544,0.3419728
POL-015545,0.13909993
POL-015546,0.112874195
POL-015547,0.13393894
POL-015548,0.12935798
POL-015549,0.25126928
POL-015550,0.15061647
POL-015551,0.14646414
POL-015552,0.1539711
POL-015553,0.043917608
POL-015554,0.27880472
POL-015555,0.10573513
POL-015556,0.27687418
POL-015557,0.12103926
POL-015558,0.13715506
POL-015559,0.191754
POL-015560,0.19105524
POL-015561,0.084409796
POL-015562,0.035817284
POL-015563,0.08184817
POL-015564,0.06267587
POL-015565,0.11547121
POL-015566,0.15652077
POL-015567,0.044837702
POL-015568,0.06873778
POL-015569,0.20379907
POL-015570,0.03324685
POL-015571,0.24360672
POL-015572,0.14182013
POL-015573,0.19546337
POL-015574,0.048588853
POL-015575,0.018648464
POL-015576,0.09644548
POL-015577,0.026293477
POL-015578,0.07143723
POL-015579,0.30417594
POL-015580,0.048147313
POL-015581,0.19559985
POL-015582,0.1888256
POL-015583,0.19071433
POL-015584,0.19400361
POL-015585,0.08501448
POL-015586,0.12169142
POL-015587,0.11521272
POL-015588,0.22856714
POL-015589,0.4055706
POL-015590,0.08048144
POL-015591,0.16730042
POL-015592,0.23014085
POL-015593,0.1277994
POL-015594,0.2555523
POL-015595,0.2667936
POL-015596,0.359618
POL-015597,0.09232742
POL-015598,0.10614226
POL-015599,0.16705452
POL-015600,0.14345688
POL-015601,0.05932221
POL-015602,0.043261737
POL-015603,0.1208933
POL-015604,0.14610246
POL-015605,0.19786805
POL-015606,0.061632738
POL-015607,0.16981196
POL-015608,0.118520096
POL-015609,0.115877375
POL-015610,0.12778619
POL-015611,0.2211513
POL-015612,0.4785988
POL-015613,0.04200942
POL-015614,0.34429502
POL-015615,0.15388638
POL-015616,0.18517536
POL-015617,0.06439828
POL-015618,0.50352824
POL-015619,0.043687694
POL-015620,0.1467588
POL-015621,0.16857627
POL-015622,0.16674922
POL-015623,0.23496501
POL-015624,0.09469352
POL-015625,0.2165895
POL-015626,0.1110923
POL-015627,0.14804906
POL-015628,0.052484933
POL-015629,0.1674758
POL-015630,0.1493626
POL-015631,0.12817737
POL-015632,0.031136183
POL-015633,0.05899066
POL-015634,0.22986655
POL-015635,0.14679165
POL-015636,0.16437383
POL-015637,0.09034787
POL-015638,0.0663238
POL-015639,0.25982347
POL-015640,0.2642537
POL-015641,0.07695352
POL-015642,0.1574063
POL-015643,0.29020816
POL-015644,0.20198223
POL-015645,0.054094736
POL-015646,0.097505584
POL-015647,0.12735239
POL-015648,0.030694488
POL-015649,0.3949264
POL-015650,0.085431755
POL-015651,0.074135154
POL-015652,0.03962541
POL-015653,0.07186184
POL-015654,0.21323448
POL-015655,0.0904201
POL-015656,0.19355543
POL-015657,0.22634761
POL-015658,0.10851507
POL-015659,0.026813505
POL-015660,0.04175581
POL-015661,0.22781882
POL-015662,0.2397941
POL-015663,0.20101911
POL-015664,0.38513964
POL-015665,0.10123838
POL-015666,0.17875433
POL-015667,0.10445446
POL-015668,0.11536987
POL-015669,0.62048936
POL-015670,0.080336526
POL-015671,0.10200866
POL-015672,0.07583166
POL-015673,0.10523177
POL-015674,0.24824178
POL-015675,0.041244995
POL-015676,0.068929896
POL-015677,0.09627224
POL-015678,0.1277794
POL-015679,0.28161862
POL-015680,0.0715573
POL-015681,0.1512096
POL-015682,0.10278265
POL-015683,0.026829021
POL-015684,0.22083285
POL-015685,0.082761444
POL-015686,0.2826592
POL-015687,0.21439497
POL-015688,0.6387502
POL-015689,0.08081897
POL-015690,0.09146538
POL-015691,0.119676806
POL-015692,0.10419926
POL-015693,0.4645239
POL-015694,0.063241325
POL-015695,0.45668095
POL-015696,0.049524676
POL-015697,0.22902939
POL-015698,0.11200104
POL-015699,0.1432304
POL-015700,0.19739562
POL-015701,0.06127631
POL-015702,0.24157698
POL-015703,0.35831684
POL-015704,0.15525648
POL-015705,0.12119908
POL-015706,0.17881294
POL-015707,0.24357115
POL-015708,0.060449284
POL-015709,0.10733512
POL-015710,0.611608
POL-015711,0.10624995
POL-015712,0.1480035
POL-015713,0.15184456
POL-015714,0.078322574
POL-015715,0.14906755
POL-015716,0.10509512
POL-015717,0.25596413
POL-015718,0.22006883
POL-015719,0.1432914
POL-015720,0.026800798
POL-015721,0.14884876
POL-015722,0.18593858
POL-015723,0.22650047
POL-015724,0.10374335
POL-015725,0.14898981
POL-015726,0.18438353
POL-015727,0.10780071
POL-015728,0.16768268
POL-015729,0.1599187
POL-015730,0.10497256
POL-015731,0.07555028
POL-015732,0.12739949
POL-015733,0.047986936
POL-015734,0.22188435
POL-015735,0.39832675
POL-015736,0.052054103
POL-015737,0.2541225
POL-015738,0.04918847
POL-015739,0.053045377
POL-015740,0.13874485
POL-015741,0.33345297
POL-015742,0.104535475
POL-015743,0.04865766
POL-015744,0.23021567
POL-015745,0.24803446
POL-015746,0.098734565
POL-015747,0.43541104
POL-015748,0.13486636
POL-015749,0.1081634
POL-015750,0.1553931
POL-015751,0.3045841
POL-015752,0.22770187
POL-015753,0.047243007
POL-015754,0.24782792
POL-015755,0.12428896
POL-015756,0.14760277
POL-015757,0.19055767
POL-015758,0.18116324
POL-015759,0.22316329
POL-015760,0.1361827
POL-015761,0.093110055
POL-015762,0.10581354
POL-015763,0.124108285
POL-015764,0.036528915
POL-015765,0.11489557
POL-015766,0.29134282
POL-015767,0.15311679
POL-015768,0.11080028
POL-015769,0.050761018
POL-015770,0.13678664
POL-015771,0.073534995
POL-015772,0.13438815
POL-015773,0.103102535
POL-015774,0.14698456
POL-015775,0.14194968
POL-015776,0.2696354
POL-015777,0.10434209
POL-015778,0.21452686
POL-015779,0.28450423
POL-015780,0.2753856
POL-015781,0.15193257
POL-015782,0.087574
POL-015783,0.18981251
POL-015784,0.3140007
POL-015785,0.16475554
POL-015786,0.08045099
POL-015787,0.11697458
POL-015788,0.044355847
POL-015789,0.1594542
POL-015790,0.0684534
POL-015791,0.33472303
POL-015792,0.10081925
POL-015793,0.2219997
POL-015794,0.22088043
POL-015795,0.08115183
POL-015796,0.44118682
POL-015797,0.2740026
POL-015798,0.12713878
POL-015799,0.26603168
POL-015800,0.08819296
POL-015801,0.18063344
POL-015802,0.45051682
POL-015803,0.25918
POL-015804,0.14297523
POL-015805,0.31782094
POL-015806,0.15828519
POL-015807,0.15648222
POL-015808,0.28704554
POL-015809,0.316375
POL-015810,0.101861335
POL-015811,0.18012166
POL-015812,0.09476461
POL-015813,0.1466708
POL-015814,0.3783199
POL-015815,0.17811148
POL-015816,0.18464954
POL-015817,0.09732111
POL-015818,0.11235947
POL-015819,0.15847713
POL-015820,0.14637691
POL-015821,0.14093937
POL-015822,0.40566647
POL-015823,0.2569193
POL-015824,0.17546567
POL-015825,0.26001477
POL-015826,0.06403392
POL-015827,0.2255435
POL-015828,0.13625927
POL-015829,0.1574734
POL-015830,0.11711751
POL-015831,0.12910725
POL-015832,0.08541503
POL-015833,0.1264383
POL-015834,0.103228785
POL-015835,0.040804617
POL-015836,0.051547486
POL-015837,0.20346378
POL-015838,0.41718644
POL-015839,0.0551655
POL-015840,0.21849945
POL-015841,0.13376828
POL-015842,0.07702841
POL-015843,0.17011595
POL-015844,0.054870598
POL-015845,0.09314913
POL-015846,0.21524838
POL-015847,0.38032845
POL-015848,0.12049783
POL-015849,0.23666458
POL-015850,0.1656456
POL-015851,0.39144185
POL-015852,0.08436548
POL-015853,0.10101157
POL-015854,0.16307727
POL-015855,0.07223086
POL-015856,0.13396469
POL-015857,0.09597852
POL-015858,0.2451076
POL-015859,0.4878054
POL-015860,0.20634732
POL-015861,0.13223734
POL-015862,0.27648154
POL-015863,0.41235846
POL-015864,0.33219588
POL-015865,0.25600585
POL-015866,0.1151044
POL-015867,0.08599969
POL-015868,0.19238596
POL-015869,0.18599594
POL-015870,0.23214453
POL-015871,0.069277085
POL-015872,0.14752756
POL-015873,0.106795184
POL-015874,0.3479369
POL-015875,0.4016706
POL-015876,0.21614802
POL-015877,0.1059727
POL-015878,0.09828597
POL-015879,0.38420594
POL-015880,0.17732097
POL-015881,0.15653253
POL-015882,0.1125147
POL-015883,0.09231598
POL-015884,0.14423026
POL-015885,0.013422134
POL-015886,0.014436768
POL-015887,0.6892867
POL-015888,0.1577623
POL-015889,0.120287225
POL-015890,0.17850527
POL-015891,0.08080346
POL-015892,0.07773699
POL-015893,0.2214763
POL-015894,0.16692199
POL-015895,0.13388447
POL-015896,0.20553471
POL-015897,0.052601352
POL-015898,0.16877554
POL-015899,0.1193286
POL-015900,0.30861676
POL-015901,0.03082044
POL-015902,0.20424557
POL-015903,0.058952913
POL-015904,0.24207942
POL-015905,0.1237003
POL-015906,0.05861931
POL-015907,0.09563645
POL-015908,0.25722897
POL-015909,0.11745288
POL-015910,0.07075422
POL-015911,0.2151117
POL-015912,0.19980586
POL-015913,0.115949795
POL-015914,0.044951595
POL-015915,0.2591848
POL-015916,0.1751335
POL-015917,0.14062014
POL-015918,0.21906659
POL-015919,0.29153275
POL-015920,0.28752854
POL-015921,0.15340586
POL-015922,0.099513955
POL-015923,0.17438139
POL-015924,0.08176066
POL-015925,0.22503792
POL-015926,0.18433914
POL-015927,0.08736669
POL-015928,0.15706049
POL-015929,0.13785036
POL-015930,0.045862332
POL-015931,0.11119574
POL-015932,0.16341116
POL-015933,0.21750228
POL-015934,0.039842945
POL-015935,0.38414407
POL-015936,0.028296344
POL-015937,0.13670664
POL-015938,0.09836991
POL-015939,0.3204353
POL-015940,0.08045908
POL-015941,0.09729119
POL-015942,0.40137702
POL-015943,0.16890794
POL-015944,0.17792624
POL-015945,0.035499774
POL-015946,0.066550344
POL-015947,0.22348215
POL-015948,0.2661305
POL-015949,0.32844925
POL-015950,0.1869373
POL-015951,0.09673587
POL-015952,0.14726384
POL-015953,0.15586215
POL-015954,0.06694563
POL-015955,0.055028085
POL-015956,0.3782993
POL-015957,0.06729171
POL-015958,0.29521
POL-015959,0.1472152
POL-015960,0.19729812
POL-015961,0.16496591
POL-015962,0.18377137
POL-015963,0.031058336
POL-015964,0.045834
POL-015965,0.114624776
POL-015966,0.22552525
POL-015967,0.15571359
POL-015968,0.13479428
POL-015969,0.15429269
POL-015970,0.026792124
POL-015971,0.11609363
POL-015972,0.119426
POL-015973,0.11261359
POL-015974,0.12981652
POL-015975,0.18832146
POL-015976,0.2518638
POL-015977,0.17973033
POL-015978,0.119075984
POL-015979,0.22150265
POL-015980,0.068835676
POL-015981,0.3121568
POL-015982,0.08076115
POL-015983,0.16788717
POL-015984,0.10304763
POL-015985,0.102906615
POL-015986,0.092598714
POL-015987,0.14229277
POL-015988,0.41945398
POL-015989,0.15688658
POL-015990,0.20344925
POL-015991,0.16326897
POL-015992,0.11676694
POL-015993,0.05244403
POL-015994,0.09558601
POL-015995,0.2882662
POL-015996,0.2555607
POL-015997,0.30115125
POL-015998,0.035665248
POL-015999,0.07390712
POL-016000,0.022055037
POL-016001,0.19190668
POL-016002,0.20039761
POL-016003,0.15388523
POL-016004,0.18142281
POL-016005,0.105243556
POL-016006,0.46277207
POL-016007,0.063273735
POL-016008,0.15590228
POL-016009,0.1712439
POL-016010,0.12984918
POL-016011,0.10439289
POL-016012,0.25138608
POL-016013,0.056228515
POL-016014,0.03642496
POL-016015,0.15505059
POL-016016,0.1306056
POL-016017,0.08017519
POL-016018,0.072375774
POL-016019,0.16186531
POL-016020,0.18782353
POL-016021,0.15112196
POL-016022,0.109313756
POL-016023,0.15445119
POL-016024,0.3206187
POL-016025,0.13986978
POL-016026,0.15978895
POL-016027,0.41207004
POL-016028,0.1132735
POL-016029,0.24408785
POL-016030,0.27229497
POL-016031,0.16864033
POL-016032,0.084506646
POL-016033,0.16127035
POL-016034,0.1578606
POL-016035,0.14438121
POL-016036,0.07696238
POL-016037,0.21888444
POL-016038,0.12884475
POL-016039,0.24546775
POL-016040,0.18865241
POL-016041,0.11186924
POL-016042,0.20504485
POL-016043,0.107013375
POL-016044,0.16416876
POL-016045,0.07955746
POL-016046,0.18458124
POL-016047,0.03624996
POL-016048,0.2133128
POL-016049,0.30109984
POL-016050,0.22404867
POL-016051,0.15758203
POL-016052,0.043662857
POL-016053,0.15486987
POL-016054,0.1981418
POL-016055,0.27611095
POL-016056,0.313662
POL-016057,0.15101334
POL-016058,0.049105793
POL-016059,0.4245595
POL-016060,0.06524923
POL-016061,0.36045232
POL-016062,0.10305629
POL-016063,0.10181506
POL-016064,0.33024174
POL-016065,0.15176615
POL-016066,0.29212624
POL-016067,0.1271319
POL-016068,0.062831834
POL-016069,0.18588382
POL-016070,0.18209232
POL-016071,0.030590093
POL-016072,0.26228216
POL-016073,0.24735723
POL-016074,0.16312632
POL-016075,0.1589528
POL-016076,0.20630234
POL-016077,0.17233692
POL-016078,0.15707983
POL-016079,0.13409023
POL-016080,0.33099812
POL-016081,0.17369641
POL-016082,0.15347734
POL-016083,0.15652987
POL-016084,0.217597
POL-016085,0.07646122
POL-016086,0.10233455
POL-016087,0.096088625
POL-016088,0.05086479
POL-016089,0.1836324
POL-016090,0.19680858
POL-016091,0.07593848
POL-016092,0.10532465
POL-016093,0.16278994
POL-016094,0.42970243
POL-016095,0.1393658
POL-016096,0.1693948
POL-016097,0.054739818
POL-016098,0.17941263
POL-016099,0.057848908
POL-016100,0.032855548
POL-016101,0.12182614
POL-016102,0.14325464
POL-016103,0.14150314
POL-016104,0.09886216
POL-016105,0.09782297
POL-016106,0.18575227
POL-016107,0.041302923
POL-016108,0.11686582
POL-016109,0.029748855
POL-016110,0.11835438
POL-016111,0.1442405
POL-016112,0.12715273
POL-016113,0.18666814
POL-016114,0.14019993
POL-016115,0.22348557
POL-016116,0.13158563
POL-016117,0.11710778
POL-016118,0.07483768
POL-016119,0.09008207
POL-016120,0.14539094
POL-016121,0.044212256
POL-016122,0.035505954
POL-016123,0.21291518
POL-016124,0.11219047
POL-016125,0.015833126
POL-016126,0.22327025
POL-016127,0.087451555
POL-016128,0.3084971
POL-016129,0.073206104
POL-016130,0.13256755
POL-016131,0.27748162
POL-016132,0.28264314
POL-016133,0.05993911
POL-016134,0.31989527
POL-016135,0.27341166
POL-016136,0.066342555
POL-016137,0.17065223
POL-016138,0.18302728
POL-016139,0.15893476
POL-016140,0.16002123
POL-016141,0.03495217
POL-016142,0.12660597
POL-016143,0.05887894
POL-016144,0.097442076
POL-016145,0.16525735
POL-016146,0.1627742
POL-016147,0.23925741
POL-016148,0.22233838
POL-016149,0.2414636
POL-016150,0.17220347
POL-016151,0.19515954
POL-016152,0.113878235
POL-016153,0.30750215
POL-016154,0.16093609
POL-016155,0.08592071
POL-016156,0.054347742
POL-016157,0.23783846
POL-016158,0.07347101
POL-016159,0.26145002
POL-016160,0.33691415
POL-016161,0.27001035
POL-016162,0.14033537
POL-016163,0.02646655
POL-016164,0.44600096
POL-016165,0.28836897
POL-016166,0.17121032
POL-016167,0.12630734
POL-016168,0.2370519
POL-016169,0.30546904
POL-016170,0.5231837
POL-016171,0.20030099
POL-016172,0.21013737
POL-016173,0.36126748
POL-016174,0.14582132
POL-016175,0.13366531
POL-016176,0.105080046
POL-016177,0.090284735
POL-016178,0.12176746
POL-016179,0.10238643
POL-016180,0.1106927
POL-016181,0.16586833
POL-016182,0.16106503
POL-016183,0.064290345
POL-016184,0.08256039
POL-016185,0.14303346
POL-016186,0.117974155
POL-016187,0.11455272
POL-016188,0.0401742
POL-016189,0.10260832
POL-016190,0.038245287
POL-016191,0.021590041
POL-016192,0.13731457
POL-016193,0.08020039
POL-016194,0.08857385
POL-016195,0.13187031
POL-016196,0.13853683
POL-016197,0.17988802
POL-016198,0.18730013
POL-016199,0.45979467
POL-016200,0.07941097
POL-016201,0.18709178
POL-016202,0.15010369
POL-016203,0.11421139
POL-016204,0.16263363
POL-016205,0.24839602
POL-016206,0.13331993
POL-016207,0.22452775
POL-016208,0.07992484
POL-016209,0.048190556
POL-016210,0.1005876
POL-016211,0.15557781
POL-016212,0.14723383
POL-016213,0.11750149
POL-016214,0.08513575
POL-016215,0.100707956
POL-016216,0.101009466
POL-016217,0.028680451
POL-016218,0.19488992
POL-016219,0.20338997
POL-016220,0.19860786
POL-016221,0.07476388
POL-016222,0.05975341
POL-016223,0.085691065
POL-016224,0.19768746
POL-016225,0.0715575
POL-016226,0.38377967
POL-016227,0.11010463
POL-016228,0.16553582
POL-016229,0.3571528
POL-016230,0.12402338
POL-016231,0.12760009
POL-016232,0.5824524
POL-016233,0.10230199
POL-016234,0.34335983
POL-016235,0.27898705
POL-016236,0.15222757
POL-016237,0.56382334
POL-016238,0.34617937
POL-016239,0.0707347
POL-016240,0.29129663
POL-016241,0.043245766
POL-016242,0.24389578
POL-016243,0.13851595
POL-016244,0.12864697
POL-016245,0.15613693
POL-016246,0.07960935
POL-016247,0.11792919
POL-016248,0.14445785
POL-016249,0.2938462
POL-016250,0.1662184
POL-016251,0.1561925
POL-016252,0.2830017
POL-016253,0.1568524
POL-016254,0.10672481
POL-016255,0.08520413
POL-016256,0.07838018
POL-016257,0.14608128
POL-016258,0.25302693
POL-016259,0.2492813
POL-016260,0.37090907
POL-016261,0.32714212
POL-016262,0.07965424
POL-016263,0.083712146
POL-016264,0.121379234
POL-016265,0.054018766
POL-016266,0.13560045
POL-016267,0.24504952
POL-016268,0.28967977
POL-016269,0.060470793
POL-016270,0.18538183
POL-016271,0.09850289
POL-016272,0.18616538
POL-016273,0.13435075
POL-016274,0.16023728
POL-016275,0.055017784
POL-016276,0.12930429
POL-016277,0.28175873
POL-016278,0.26813033
POL-016279,0.0775791
POL-016280,0.12583421
POL-016281,0.21702275
POL-016282,0.10981045
POL-016283,0.26940686
POL-016284,0.28672016
POL-016285,0.09633399
POL-016286,0.06506321
POL-016287,0.084551
POL-016288,0.14338462
POL-016289,0.10618692
POL-016290,0.12915188
POL-016291,0.1581856
POL-016292,0.10346534
POL-016293,0.36884096
POL-016294,0.17867897
POL-016295,0.38819692
POL-016296,0.18267097
POL-016297,0.24890901
POL-016298,0.3454809
POL-016299,0.21580847
POL-016300,0.12498081
POL-016301,0.03014562
POL-016302,0.24615425
POL-016303,0.10529885
POL-016304,0.101856925
POL-016305,0.05930185
POL-016306,0.17686611
POL-016307,0.27653918
POL-016308,0.21989156
POL-016309,0.35520914
POL-016310,0.14114416
POL-016311,0.13214587
POL-016312,0.12643482
POL-016313,0.10350297
POL-016314,0.115944274
POL-016315,0.1321633
POL-016316,0.051920574
POL-016317,0.18816549
POL-016318,0.117252424
POL-016319,0.19853893
POL-016320,0.22154427
POL-016321,0.1608342
POL-016322,0.14904033
POL-016323,0.15936738
POL-016324,0.044400793
POL-016325,0.056069624
POL-016326,0.07754656
POL-016327,0.23495005
POL-016328,0.11228027
POL-016329,0.4242425
POL-016330,0.11690517
POL-016331,0.25206885
POL-016332,0.04411402
POL-016333,0.09485458
POL-016334,0.138748
POL-016335,0.045975912
POL-016336,0.1264793
POL-016337,0.18378408
POL-016338,0.13635734
POL-016339,0.07347484
POL-016340,0.079011306
POL-016341,0.06254115
POL-016342,0.058769014
POL-016343,0.18426114
POL-016344,0.13454038
POL-016345,0.33556515
POL-016346,0.1042046
POL-016347,0.2622676
POL-016348,0.14040533
POL-016349,0.1312322
POL-016350,0.07290372
POL-016351,0.058934648
POL-016352,0.15372731
POL-016353,0.132269
POL-016354,0.16246404
POL-016355,0.12320767
POL-016356,0.102734864
POL-016357,0.14429599
POL-016358,0.08540998
POL-016359,0.029526483
POL-016360,0.10882998
POL-016361,0.11190366
POL-016362,0.15034528
POL-016363,0.17357142
POL-016364,0.1931898
POL-016365,0.076231696
POL-016366,0.17778213
POL-016367,0.08253109
POL-016368,0.1265367
POL-016369,0.08956172
POL-016370,0.118827224
POL-016371,0.1276118
POL-016372,0.07083346
POL-016373,0.09721389
POL-016374,0.14289069
POL-016375,0.16788588
POL-016376,0.07589312
POL-016377,0.04708219
POL-016378,0.34021276
POL-016379,0.4198348
POL-016380,0.30392098
POL-016381,0.06480757
POL-016382,0.15309404
POL-016383,0.11482031
POL-016384,0.0794744
POL-016385,0.144981
POL-016386,0.29600862
POL-016387,0.08794208
POL-016388,0.08356582
POL-016389,0.10385846
POL-016390,0.3470832
POL-016391,0.08595393
POL-016392,0.15817186
POL-016393,0.07343096
POL-016394,0.08451566
POL-016395,0.13024743
POL-016396,0.113037415
POL-016397,0.062147934
POL-016398,0.12809327
POL-016399,0.15591858
POL-016400,0.16600797
POL-016401,0.09295226
POL-016402,0.12139224
POL-016403,0.11086827
POL-016404,0.095522955
POL-016405,0.12487445
POL-016406,0.115553714
POL-016407,0.18992391
POL-016408,0.1654779
POL-016409,0.15780345
POL-016410,0.17931063
POL-016411,0.050235927
POL-016412,0.11143813
POL-016413,0.1839381
POL-016414,0.06357016
POL-016415,0.14319883
POL-016416,0.04203712
POL-016417,0.13531983
POL-016418,0.15051375
POL-016419,0.04372276
POL-016420,0.036530923
POL-016421,0.06223573
POL-016422,0.32299235
POL-016423,0.11792106
POL-016424,0.20474498
POL-016425,0.16176483
POL-016426,0.1616496
POL-016427,0.53184485
POL-016428,0.33940578
POL-016429,0.15662743
POL-016430,0.023789914
POL-016431,0.08909591
POL-016432,0.20294288
POL-016433,0.32318604
POL-016434,0.10334363
POL-016435,0.27835363
POL-016436,0.052291106
POL-016437,0.1531573
POL-016438,0.2349837
POL-016439,0.13049391
POL-016440,0.16991451
POL-016441,0.08487765
POL-016442,0.07920293
POL-016443,0.16975063
POL-016444,0.047284726
POL-016445,0.114034265
POL-016446,0.2670673
POL-016447,0.061929576
POL-016448,0.1257402
POL-016449,0.22460404
POL-016450,0.3676949
POL-016451,0.14706847
POL-016452,0.15142801
POL-016453,0.15550329
POL-016454,0.19811489
POL-016455,0.14683382
POL-016456,0.1534237
POL-016457,0.15637556
POL-016458,0.19805564
POL-016459,0.1157008
POL-016460,0.29821464
POL-016461,0.07260906
POL-016462,0.17272343
POL-016463,0.060372658
POL-016464,0.060782686
POL-016465,0.1695578
POL-016466,0.11002831
POL-016467,0.38982666
POL-016468,0.109127074
POL-016469,0.16881727
POL-016470,0.09474512
POL-016471,0.040244102
POL-016472,0.058786754
POL-016473,0.0690021
POL-016474,0.15351467
POL-016475,0.1476083
POL-016476,0.053968888
POL-016477,0.33152005
POL-016478,0.21559766
POL-016479,0.07660845
POL-016480,0.17536159
POL-016481,0.039656978
POL-016482,0.21686229
POL-016483,0.09088588
POL-016484,0.4985123
POL-016485,0.061205626
POL-016486,0.086620584
POL-016487,0.19103536
POL-016488,0.28781003
POL-016489,0.09582805
POL-016490,0.029340878
POL-016491,0.07439241
POL-016492,0.2067977
POL-016493,0.29248217
POL-016494,0.11054786
POL-016495,0.10161451
POL-016496,0.22778572
POL-016497,0.08929167
POL-016498,0.2092411
POL-016499,0.20875412
POL-016500,0.04077141
POL-016501,0.16475217
POL-016502,0.11277322
POL-016503,0.19880567
POL-016504,0.14512996
POL-016505,0.033565328
POL-016506,0.0648644
POL-016507,0.04122282
POL-016508,0.058216814
POL-016509,0.17873351
POL-016510,0.03303285
POL-016511,0.03991527
POL-016512,0.04359248
POL-016513,0.054183785
POL-016514,0.037361585
POL-016515,0.092794806
POL-016516,0.12207165
POL-016517,0.05874872
POL-016518,0.02879598
POL-016519,0.082036704
POL-016520,0.05120744
POL-016521,0.062852964
POL-016522,0.026459737
POL-016523,0.0330242
POL-016524,0.029451659
POL-016525,0.046950717
POL-016526,0.11857088
POL-016527,0.11765821
POL-016528,0.08306527
POL-016529,0.047072187
POL-016530,0.06343957
POL-016531,0.030668784
POL-016532,0.058831226
POL-016533,0.021380642
POL-016534,0.15306558
POL-016535,0.02393314
POL-016536,0.20937793
POL-016537,0.069056794
POL-016538,0.11465663
POL-016539,0.26111618
POL-016540,0.08487115
POL-016541,0.04313893
POL-016542,0.11619304
POL-016543,0.13434711
POL-016544,0.09979918
POL-016545,0.12358709
POL-016546,0.1339534
POL-016547,0.107900456
POL-016548,0.14430712
POL-016549,0.060930748
POL-016550,0.13031124
POL-016551,0.26176324
POL-016552,0.26646033
POL-016553,0.15916757
POL-016554,0.0762563
POL-016555,0.10917231
POL-016556,0.09112841
POL-016557,0.26056153
POL-016558,0.17592649
POL-016559,0.04299907
POL-016560,0.036691066
POL-016561,0.14927751
POL-016562,0.12827271
POL-016563,0.08420584
POL-016564,0.23291384
POL-016565,0.22801009
POL-016566,0.14551675
POL-016567,0.13824624
POL-016568,0.03962745
POL-016569,0.035109393
POL-016570,0.07195333
POL-016571,0.07166342
POL-016572,0.18257467
POL-016573,0.04819899
POL-016574,0.16934052
POL-016575,0.08294963
POL-016576,0.18634659
POL-016577,0.049742166
POL-016578,0.04074699
POL-016579,0.015074052
POL-016580,0.136462
POL-016581,0.03062098
POL-016582,0.049643055
POL-016583,0.10136836
POL-016584,0.11640958
POL-016585,0.10132267
POL-016586,0.2022845
POL-016587,0.0587251
POL-016588,0.20345034
POL-016589,0.0600981
POL-016590,0.287147
POL-016591,0.031394158
POL-016592,0.05681698
POL-016593,0.12329321
POL-016594,0.10790613
POL-016595,0.031016514
POL-016596,0.17533444
POL-016597,0.02883608
POL-016598,0.122525625
POL-016599,0.052272394
POL-016600,0.19237582
POL-016601,0.039270166
POL-016602,0.17993218
POL-016603,0.09382739
POL-016604,0.07769435
POL-016605,0.08070697
POL-016606,0.09819757
POL-016607,0.047112565
POL-016608,0.1892349
POL-016609,0.05547861
POL-016610,0.07340752
POL-016611,0.07214623
POL-016612,0.0595233
POL-016613,0.056842297
POL-016614,0.16216147
POL-016615,0.07102309
POL-016616,0.10724403
POL-016617,0.21615404
POL-016618,0.04367826
POL-016619,0.058323447
POL-016620,0.14248556
POL-016621,0.10209354
POL-016622,0.44693688
POL-016623,0.12222869
POL-016624,0.13070865
POL-016625,0.09175066
POL-016626,0.097548224
POL-016627,0.037236687
POL-016628,0.1534981
POL-016629,0.108913645
POL-016630,0.039216273
POL-016631,0.11189492
POL-016632,0.094979785
POL-016633,0.020218037
POL-016634,0.100772075
POL-016635,0.07214771
POL-016636,0.038481563
POL-016637,0.066379815
POL-016638,0.0832318
POL-016639,0.051852208
POL-016640,0.09601605
POL-016641,0.08169441
POL-016642,0.07402219
POL-016643,0.09999336
POL-016644,0.048535954
POL-016645,0.10614836
POL-016646,0.12876359
POL-016647,0.21065472
POL-016648,0.16891704
POL-016649,0.05991085
POL-016650,0.13048196
POL-016651,0.026440306
POL-016652,0.10647385
POL-016653,0.24713069
POL-016654,0.086711936
POL-016655,0.13984595
POL-016656,0.05415784
POL-016657,0.11255921
POL-016658,0.0924458
POL-016659,0.082965195
POL-016660,0.07556882
POL-016661,0.036760796
POL-016662,0.02590411
POL-016663,0.24285002
POL-016664,0.07724621
POL-016665,0.055174325
POL-016666,0.06685225
POL-016667,0.2172498
POL-016668,0.031116493
POL-016669,0.10829198
POL-016670,0.019829439
POL-016671,0.18576373
POL-016672,0.10590057
POL-016673,0.06898707
POL-016674,0.015948761
POL-016675,0.18403284
POL-016676,0.13245128
POL-016677,0.058120865
POL-016678,0.1566612
POL-016679,0.09990871
POL-016680,0.10959854
POL-016681,0.026354037
POL-016682,0.07014148
POL-016683,0.060294036
POL-016684,0.088821955
POL-016685,0.11971017
POL-016686,0.07006207
POL-016687,0.046571564
POL-016688,0.116525196
POL-016689,0.069548346
POL-016690,0.04565871
POL-016691,0.029000329
POL-016692,0.2673835
POL-016693,0.19610156
POL-016694,0.0701553
POL-016695,0.12284586
POL-016696,0.061571762
POL-016697,0.06411788
POL-016698,0.0680044
POL-016699,0.18986414
POL-016700,0.06760163
POL-016701,0.09476909
POL-016702,0.046394363
POL-016703,0.18876125
POL-016704,0.096568584
POL-016705,0.05442354
POL-016706,0.1660293
POL-016707,0.048322998
POL-016708,0.14669557
POL-016709,0.033661246
POL-016710,0.058307696
POL-016711,0.055919778
POL-016712,0.050695196
POL-016713,0.09440065
POL-016714,0.09541568
POL-016715,0.071244836
POL-016716,0.09550178
POL-016717,0.08880916
POL-016718,0.15416327
POL-016719,0.0480671
POL-016720,0.039700404
POL-016721,0.19321635
POL-016722,0.08411236
POL-016723,0.05885845
POL-016724,0.052616104
POL-016725,0.056987174
POL-016726,0.081753254
POL-016727,0.07130522
POL-016728,0.037427194
POL-016729,0.0858616
POL-016730,0.027053814
POL-016731,0.11155415
POL-016732,0.20355335
POL-016733,0.1558763
POL-016734,0.121753395
POL-016735,0.033247262
POL-016736,0.12327152
POL-016737,0.19570094
POL-016738,0.10306992
POL-016739,0.10048202
POL-016740,0.078363165
POL-016741,0.3024733
POL-016742,0.0811532
POL-016743,0.08266006
POL-016744,0.044312745
POL-016745,0.06445504
POL-016746,0.2498128
POL-016747,0.05211158
POL-016748,0.053055126
POL-016749,0.079465784
POL-016750,0.044878848
POL-016751,0.025396744
POL-016752,0.08842687
POL-016753,0.030495863
POL-016754,0.121806964
POL-016755,0.02401182
POL-016756,0.061962888
POL-016757,0.09364
POL-016758,0.11907615
POL-016759,0.15138692
POL-016760,0.14551944
POL-016761,0.20109278
POL-016762,0.026264086
POL-016763,0.05368663
POL-016764,0.05432098
POL-016765,0.07660015
POL-016766,0.29357517
POL-016767,0.061267693
POL-016768,0.19521853
POL-016769,0.07916054
POL-016770,0.07388628
POL-016771,0.19026823
POL-016772,0.16324775
POL-016773,0.055903178
POL-016774,0.03753426
POL-016775,0.2034035
POL-016776,0.05930805
POL-016777,0.1967894
POL-016778,0.10371569
POL-016779,0.16585322
POL-016780,0.104494214
POL-016781,0.11115659
POL-016782,0.15581585
POL-016783,0.05859192
POL-016784,0.06218787
POL-016785,0.07074752
POL-016786,0.081747904
POL-016787,0.06565482
POL-016788,0.049281158
POL-016789,0.23443265
POL-016790,0.09904247
POL-016791,0.042923156
POL-016792,0.049786065
POL-016793,0.03717934
POL-016794,0.06423463
POL-016795,0.07717748
POL-016796,0.1009541
POL-016797,0.068627566
POL-016798,0.044741973
POL-016799,0.10386658
POL-016800,0.025823696
POL-016801,0.053077556
POL-016802,0.113150805
POL-016803,0.03719891
POL-016804,0.076118626
POL-016805,0.19722958
POL-016806,0.050009314
POL-016807,0.031618316
POL-016808,0.11910891
POL-016809,0.06378915
POL-016810,0.05505267
POL-016811,0.026810626
POL-016812,0.026934853
POL-016813,0.062711135
POL-016814,0.043646492
POL-016815,0.113917306
POL-016816,0.3099596
POL-016817,0.0864761
POL-016818,0.06747188
POL-016819,0.11723309
POL-016820,0.048068333
POL-016821,0.1855488
POL-016822,0.03042081
POL-016823,0.06675519
POL-016824,0.031578656
POL-016825,0.04739598
POL-016826,0.06452238
POL-016827,0.10978099
POL-016828,0.087570675
POL-016829,0.059100837
POL-016830,0.113654986
POL-016831,0.074920684
POL-016832,0.053362403
POL-016833,0.17969057
POL-016834,0.044623293
POL-016835,0.066770524
POL-016836,0.028799055
POL-016837,0.1496738
POL-016838,0.081506915
POL-016839,0.039873354
POL-016840,0.06882945
POL-016841,0.055586662
POL-016842,0.030535927
POL-016843,0.08193236
POL-016844,0.13794038
POL-016845,0.10969129
POL-016846,0.1543467
POL-016847,0.09507771
POL-016848,0.041852705
POL-016849,0.08878653
POL-016850,0.07119279
POL-016851,0.13390614
POL-016852,0.10050316
POL-016853,0.09120996
POL-016854,0.047705058
POL-016855,0.15380688
POL-016856,0.07279948
POL-016857,0.09233038
POL-016858,0.084831476
POL-016859,0.05020288
POL-016860,0.047264196
POL-016861,0.0701788
POL-016862,0.065952785
POL-016863,0.09168901
POL-016864,0.033940293
POL-016865,0.081382155
POL-016866,0.14520563
POL-016867,0.1802774
POL-016868,0.20924173
POL-016869,0.14168681
POL-016870,0.34244275
POL-016871,0.080279924
POL-016872,0.124737665
POL-016873,0.27461505
POL-016874,0.052493278
POL-016875,0.112066165
POL-016876,0.023617784
POL-016877,0.06443444
POL-016878,0.070343696
POL-016879,0.048852373
POL-016880,0.08559266
POL-016881,0.059130177
POL-016882,0.014287788
POL-016883,0.1121299
POL-016884,0.043770783
POL-016885,0.12337161
POL-016886,0.08381991
POL-016887,0.051525593
POL-016888,0.042921983
POL-016889,0.2624797
POL-016890,0.03499401
POL-016891,0.08590017
POL-016892,0.13558806
POL-016893,0.05549047
POL-016894,0.19535637
POL-016895,0.012439632
POL-016896,0.08652948
POL-016897,0.14534205
POL-016898,0.13503172
POL-016899,0.15638895
POL-016900,0.08682856
POL-016901,0.1287081
POL-016902,0.069249585
POL-016903,0.20292887
POL-016904,0.120500684
POL-016905,0.0637206
POL-016906,0.052176002
POL-016907,0.08159915
POL-016908,0.06671031
POL-016909,0.14421456
POL-016910,0.117222905
POL-016911,0.08130587
POL-016912,0.13985279
POL-016913,0.048263554
POL-016914,0.06909515
POL-016915,0.26471558
POL-016916,0.15460235
POL-016917,0.04323458
POL-016918,0.031213125
POL-016919,0.031091196
POL-016920,0.10560906
POL-016921,0.29897502
POL-016922,0.022011776
POL-016923,0.116504535
POL-016924,0.12719329
POL-016925,0.11731639
POL-016926,0.055412754
POL-016927,0.03246327
POL-016928,0.12622415
POL-016929,0.03939323
POL-016930,0.101859026
POL-016931,0.041682053
POL-016932,0.031441994
POL-016933,0.06660441
POL-016934,0.06832955
POL-016935,0.031148378
POL-016936,0.032211035
POL-016937,0.06710274
POL-016938,0.06865
POL-016939,0.2552955
POL-016940,0.054027446
POL-016941,0.049090594
POL-016942,0.066711836
POL-016943,0.04834603
POL-016944,0.065606296
POL-016945,0.06757676
POL-016946,0.10411984
POL-016947,0.023846896
POL-016948,0.20648676
POL-016949,0.08449272
POL-016950,0.05305897
POL-016951,0.054113913
POL-016952,0.04617898
POL-016953,0.07932242
POL-016954,0.04335828
POL-016955,0.100184016
POL-016956,0.12236568
POL-016957,0.09447713
POL-016958,0.038207773
POL-016959,0.21269523
POL-016960,0.04446196
POL-016961,0.07651366
POL-016962,0.19688934
POL-016963,0.058656193
POL-016964,0.04255554
POL-016965,0.046911824
POL-016966,0.0667449
POL-016967,0.051080886
POL-016968,0.053214565
POL-016969,0.1121437
POL-016970,0.09452544
POL-016971,0.07301975
POL-016972,0.14791249
POL-016973,0.1054311
POL-016974,0.1038465
POL-016975,0.029361725
POL-016976,0.043318514
POL-016977,0.2111691
POL-016978,0.024343278
POL-016979,0.04818395
POL-016980,0.28328687
POL-016981,0.08726569
POL-016982,0.13000882
POL-016983,0.061729293
POL-016984,0.08266107
POL-016985,0.051282153
POL-016986,0.09881056
POL-016987,0.069277406
POL-016988,0.095584586
POL-016989,0.07988342
POL-016990,0.10137064
POL-016991,0.038266648
POL-016992,0.12861563
POL-016993,0.32093757
POL-016994,0.055762753
POL-016995,0.043864664
POL-016996,0.080416426
POL-016997,0.06590184
POL-016998,0.03104965
POL-016999,0.12688099
POL-017000,0.03732731
POL-017001,0.06617375
POL-017002,0.0856531
POL-017003,0.12717009
POL-017004,0.058836415
POL-017005,0.056225806
POL-017006,0.116248205
POL-017007,0.10180193
POL-017008,0.031174663
POL-017009,0.09589826
POL-017010,0.07864123
POL-017011,0.1225713
POL-017012,0.041957885
POL-017013,0.043916147
POL-017014,0.06193846
POL-017015,0.12209875
POL-017016,0.37310135
POL-017017,0.06509479
POL-017018,0.22905691
POL-017019,0.043965705
POL-017020,0.2912968
POL-017021,0.11142499
POL-017022,0.082502834
POL-017023,0.09203055
POL-017024,0.11248585
POL-017025,0.14140786
POL-017026,0.010391702
POL-017027,0.074020855
POL-017028,0.10266764
POL-017029,0.21341649
POL-017030,0.1212389
POL-017031,0.15729128
POL-017032,0.08335602
POL-017033,0.13878381
POL-017034,0.09003733
POL-017035,0.027733808
POL-017036,0.076638505
POL-017037,0.07852549
POL-017038,0.12312907
POL-017039,0.047869507
POL-017040,0.11037218
POL-017041,0.048916433
POL-017042,0.3214284
POL-017043,0.038113207
POL-017044,0.08534763
POL-017045,0.09463843
POL-017046,0.06279809
POL-017047,0.33649445
POL-017048,0.148914
POL-017049,0.018520331
POL-017050,0.08733966
POL-017051,0.052178834
POL-017052,0.04129927
POL-017053,0.23617566
POL-017054,0.09401288
POL-017055,0.06347048
POL-017056,0.037263438
POL-017057,0.054123532
POL-017058,0.02011885
POL-017059,0.08973151
POL-017060,0.03306899
POL-017061,0.036211427
POL-017062,0.048282336
POL-017063,0.15917587
POL-017064,0.15778495
POL-017065,0.21395048
POL-017066,0.03256305
POL-017067,0.11397744
POL-017068,0.10133316
POL-017069,0.094876505
POL-017070,0.14621446
POL-017071,0.07213561
POL-017072,0.1079264
POL-017073,0.08450711
POL-017074,0.1566005
POL-017075,0.043852065
POL-017076,0.055552166
POL-017077,0.10468945
POL-017078,0.08711088
POL-017079,0.13975975
POL-017080,0.22769122
POL-017081,0.056195676
POL-017082,0.058590747
POL-017083,0.039921712
POL-017084,0.06745318
POL-017085,0.22448078
POL-017086,0.04614627
POL-017087,0.3060628
POL-017088,0.3234365
POL-017089,0.09166721
POL-017090,0.09980677
POL-017091,0.05670813
POL-017092,0.027935274
POL-017093,0.080084234
POL-017094,0.06341887
POL-017095,0.3026908
POL-017096,0.10578476
POL-017097,0.031936478
POL-017098,0.10203732
POL-017099,0.118285514
POL-017100,0.05175862
POL-017101,0.09653931
POL-017102,0.1106141
POL-017103,0.1699148
POL-017104,0.0722945
POL-017105,0.036295276
POL-017106,0.15084584
POL-017107,0.09881398
POL-017108,0.119797036
POL-017109,0.049254056
POL-017110,0.051762726
POL-017111,0.05196958
POL-017112,0.06723429
POL-017113,0.03170662
POL-017114,0.07366689
POL-017115,0.049603846
POL-017116,0.21603623
POL-017117,0.042354908
POL-017118,0.12156529
POL-017119,0.07769158
POL-017120,0.061922774
POL-017121,0.14281419
POL-017122,0.052394137
POL-017123,0.10948884
POL-017124,0.07809839
POL-017125,0.021080595
POL-017126,0.054940745
POL-017127,0.22864804
POL-017128,0.03979581
POL-017129,0.06777368
POL-017130,0.23592846
POL-017131,0.21449532
POL-017132,0.11354503
POL-017133,0.0679024
POL-017134,0.09348891
POL-017135,0.3137984
POL-017136,0.15714988
POL-017137,0.069030344
POL-017138,0.052034628
POL-017139,0.072210014
POL-017140,0.13766511
POL-017141,0.07709215
POL-017142,0.15041563
POL-017143,0.043879542
POL-017144,0.030086914
POL-017145,0.09743645
POL-017146,0.040482648
POL-017147,0.1224228
POL-017148,0.055490818
POL-017149,0.04276798
POL-017150,0.12319648
POL-017151,0.057485413
POL-017152,0.34756806
POL-017153,0.04558391
POL-017154,0.027776951
POL-017155,0.07831966
POL-017156,0.03346531
POL-017157,0.06318038
POL-017158,0.2969677
POL-017159,0.026834486
POL-017160,0.07373258
POL-017161,0.14545824
POL-017162,0.08179099
POL-017163,0.10338219
POL-017164,0.051646776
POL-017165,0.05200609
POL-017166,0.013340741
POL-017167,0.08281691
POL-017168,0.08630698
POL-017169,0.18845823
POL-017170,0.11304251
POL-017171,0.083022095
POL-017172,0.109964654
POL-017173,0.030430045
POL-017174,0.06859049
POL-017175,0.046214934
POL-017176,0.077787735
POL-017177,0.08153747
POL-017178,0.059739426
POL-017179,0.04859841
POL-017180,0.09637146
POL-017181,0.0928478
POL-017182,0.020338133
POL-017183,0.2612186
POL-017184,0.09490626
POL-017185,0.27645454
POL-017186,0.15307625
POL-017187,0.27083156
POL-017188,0.048353557
POL-017189,0.03095507
POL-017190,0.13111071
POL-017191,0.091695406
POL-017192,0.31165615
POL-017193,0.23141304
POL-017194,0.091792196
POL-017195,0.049231376
POL-017196,0.114241324
POL-017197,0.3448679
POL-017198,0.12903069
POL-017199,0.13250661
POL-017200,0.14482518
POL-017201,0.055833343
POL-017202,0.19740774
POL-017203,0.08826348
POL-017204,0.23936194
POL-017205,0.08731641
POL-017206,0.18775293
POL-017207,0.07554192
POL-017208,0.051396936
POL-017209,0.02856599
POL-017210,0.100651465
POL-017211,0.052729394
POL-017212,0.10924908
POL-017213,0.24486054
POL-017214,0.105835244
POL-017215,0.058838688
POL-017216,0.063498594
POL-017217,0.21477458
POL-017218,0.13117006
POL-017219,0.07324636
POL-017220,0.047216367
POL-017221,0.050729286
POL-017222,0.06616861
POL-017223,0.06724517
POL-017224,0.06812922
POL-017225,0.08467712
POL-017226,0.1291005
POL-017227,0.05211405
POL-017228,0.11899858
POL-017229,0.23762585
POL-017230,0.11810112
POL-017231,0.2675844
POL-017232,0.15695894
POL-017233,0.03192786
POL-017234,0.07741849
POL-017235,0.053606186
POL-017236,0.0431851
POL-017237,0.09363578
POL-017238,0.24083398
POL-017239,0.04424464
POL-017240,0.03375666
POL-017241,0.019581644
POL-017242,0.15185334
POL-017243,0.04225963
POL-017244,0.14168319
POL-017245,0.053426474
POL-017246,0.037903406
POL-017247,0.025953151
POL-017248,0.051373817
POL-017249,0.22384821
POL-017250,0.019992068
POL-017251,0.06965307
POL-017252,0.031286124
POL-017253,0.03932989
POL-017254,0.150724
POL-017255,0.08140087
POL-017256,0.095919
POL-017257,0.0758863
POL-017258,0.042465474
POL-017259,0.13630068
POL-017260,0.024662333
POL-017261,0.046141267
POL-017262,0.041543156
POL-017263,0.12692337
POL-017264,0.043900523
POL-017265,0.060798872
POL-017266,0.072499156
POL-017267,0.08539532
POL-017268,0.08552026
POL-017269,0.09122437
POL-017270,0.12928478
POL-017271,0.12408069
POL-017272,0.06683617
POL-017273,0.06683741
POL-017274,0.081360236
POL-017275,0.08180431
POL-017276,0.05843326
POL-017277,0.0926707
POL-017278,0.14582545
POL-017279,0.1958697
POL-017280,0.1274579
POL-017281,0.1083172
POL-017282,0.109914824
POL-017283,0.16280667
POL-017284,0.06774432
POL-017285,0.04576797
POL-017286,0.05816745
POL-017287,0.1284019
POL-017288,0.05522227
POL-017289,0.050481647
POL-017290,0.07106232
POL-017291,0.11488224
POL-017292,0.029662926
POL-017293,0.10619147
POL-017294,0.11075862
POL-017295,0.05949769
POL-017296,0.05243372
POL-017297,0.06276946
POL-017298,0.08982614
POL-017299,0.1121239
POL-017300,0.051231936
POL-017301,0.24148518
POL-017302,0.045353387
POL-017303,0.11252151
POL-017304,0.1207647
POL-017305,0.20943578
POL-017306,0.15019064
POL-017307,0.20338784
POL-017308,0.029555036
POL-017309,0.12763639
POL-017310,0.030665891
POL-017311,0.16866788
POL-017312,0.24932478
POL-017313,0.10438628
POL-017314,0.106127374
POL-017315,0.06454993
POL-017316,0.036785286
POL-017317,0.03422702
POL-017318,0.07740264
POL-017319,0.04707118
POL-017320,0.063184105
POL-017321,0.10989407
POL-017322,0.14105791
POL-017323,0.107540995
POL-017324,0.037760142
POL-017325,0.1918391
POL-017326,0.091282696
POL-017327,0.08961777
POL-017328,0.06268692
POL-017329,0.026779115
POL-017330,0.0759213
POL-017331,0.068447806
POL-017332,0.17172097
POL-017333,0.17474218
POL-017334,0.029139686
POL-017335,0.03375252
POL-017336,0.081421986
POL-017337,0.13767135
POL-017338,0.051263515
POL-017339,0.017019346
POL-017340,0.09781632
POL-017341,0.13686998
POL-017342,0.12642302
POL-017343,0.060922932
POL-017344,0.026484018
POL-017345,0.068549454
POL-017346,0.076963544
POL-017347,0.04510765
POL-017348,0.09332053
POL-017349,0.0871093
POL-017350,0.06958148
POL-017351,0.1496526
POL-017352,0.044164598
POL-017353,0.09025731
POL-017354,0.10072934
POL-017355,0.026613526
POL-017356,0.052624755
POL-017357,0.1833879
POL-017358,0.0578683
POL-017359,0.0734529
POL-017360,0.07860252
POL-017361,0.03189197
POL-017362,0.30731997
POL-017363,0.10819954
POL-017364,0.010552112
POL-017365,0.13391256
POL-017366,0.021710686
POL-017367,0.07696873
POL-017368,0.11332636
POL-017369,0.06864948
POL-017370,0.05464681
POL-017371,0.09956698
POL-017372,0.120744444
POL-017373,0.06766465
POL-017374,0.1763913
POL-017375,0.09290696
POL-017376,0.06576611
POL-017377,0.14319377
POL-017378,0.14725311
POL-017379,0.16506585
POL-017380,0.13049516
POL-017381,0.03582985
POL-017382,0.04397246
POL-017383,0.078532875
POL-017384,0.24029282
POL-017385,0.09801821
POL-017386,0.054449294
POL-017387,0.14504023
POL-017388,0.03942703
POL-017389,0.1556263
POL-017390,0.24953741
POL-017391,0.22160095
POL-017392,0.05780465
POL-017393,0.25580537
POL-017394,0.081872396
POL-017395,0.14027913
POL-017396,0.09367586
POL-017397,0.034296475
POL-017398,0.09012855
POL-017399,0.022396712
POL-017400,0.027470468
POL-017401,0.043711755
POL-017402,0.09158821
POL-017403,0.029738346
POL-017404,0.0919204
POL-017405,0.05886067
POL-017406,0.07009524
POL-017407,0.058944263
POL-017408,0.16177836
POL-017409,0.060395915
POL-017410,0.27298638
POL-017411,0.024216961
POL-017412,0.05237438
POL-017413,0.077302925
POL-017414,0.14786743
POL-017415,0.039858926
POL-017416,0.029448694
POL-017417,0.046809986
POL-017418,0.036116425
POL-017419,0.06584191
POL-017420,0.097755805
POL-017421,0.039373513
POL-017422,0.1365025
POL-017423,0.087482065
POL-017424,0.114792034
POL-017425,0.1335198
POL-017426,0.09727232
POL-017427,0.05108883
POL-017428,0.14293398
POL-017429,0.06268569
POL-017430,0.0342722
POL-017431,0.05541175
POL-017432,0.07917969
POL-017433,0.092432655
POL-017434,0.11807249
POL-017435,0.034626227
POL-017436,0.23290372
POL-017437,0.12419057
POL-017438,0.06773833
POL-017439,0.1521396
POL-017440,0.04442392
POL-017441,0.16152336
POL-017442,0.069836885
POL-017443,0.124107465
POL-017444,0.09519712
POL-017445,0.0973988
POL-017446,0.09577226
POL-017447,0.13853274
POL-017448,0.048896614
POL-017449,0.09626521
POL-017450,0.16594972
POL-017451,0.066644765
POL-017452,0.07126986
POL-017453,0.1319493
POL-017454,0.028240537
POL-017455,0.13006033
POL-017456,0.0686607
POL-017457,0.05930378
POL-017458,0.093960516
POL-017459,0.062273655
POL-017460,0.07200033
POL-017461,0.050630398
POL-017462,0.18030488
POL-017463,0.14352432
POL-017464,0.07405839
POL-017465,0.065863326
POL-017466,0.03310207
POL-017467,0.0841182
POL-017468,0.11300713
POL-017469,0.110978276
POL-017470,0.07085536
POL-017471,0.06497387
POL-017472,0.027122738
POL-017473,0.112742834
POL-017474,0.10266262
POL-017475,0.15021068
POL-017476,0.27935597
POL-017477,0.1756986
POL-017478,0.055363882
POL-017479,0.19496855
POL-017480,0.0640022
POL-017481,0.047587603
POL-017482,0.06388526
POL-017483,0.058319345
POL-017484,0.06197463
POL-017485,0.08300271
POL-017486,0.17488581
POL-017487,0.14915718
POL-017488,0.058753043
POL-017489,0.04015807
POL-017490,0.08868647
POL-017491,0.048905898
POL-017492,0.11610896
POL-017493,0.1069157
POL-017494,0.07385991
POL-017495,0.12560833
POL-017496,0.16494542
POL-017497,0.04407309
POL-017498,0.055428334
POL-017499,0.055881135
POL-017500,0.16466074
POL-017501,0.15540528
POL-017502,0.09626635
POL-017503,0.040281028
POL-017504,0.05858352
POL-017505,0.018744146
POL-017506,0.04197754
POL-017507,0.023476645
POL-017508,0.09838368
POL-017509,0.032660425
POL-017510,0.46940485
POL-017511,0.086582825
POL-017512,0.20675896
POL-017513,0.050656706
POL-017514,0.056621473
POL-017515,0.04633458
POL-017516,0.04750401
POL-017517,0.17536512
POL-017518,0.057322502
POL-017519,0.07386553
POL-017520,0.030996665
POL-017521,0.046949394
POL-017522,0.11020521
POL-017523,0.23396188
POL-017524,0.08510719
POL-017525,0.12722307
POL-017526,0.10800493
POL-017527,0.1065762
POL-017528,0.056904055
POL-017529,0.26538125
POL-017530,0.057707418
POL-017531,0.11377532
POL-017532,0.17432684
POL-017533,0.08863806
POL-017534,0.18061765
POL-017535,0.07921556
POL-017536,0.055875342
POL-017537,0.04304174
POL-017538,0.04515438
POL-017539,0.21492836
POL-017540,0.09432734
POL-017541,0.04712798
POL-017542,0.04542293
POL-017543,0.042210456
POL-017544,0.06305519
POL-017545,0.028810445
POL-017546,0.06276183
POL-017547,0.0588137
POL-017548,0.10554321
POL-017549,0.097551726
POL-017550,0.10212033
POL-017551,0.12134563
POL-017552,0.029202329
POL-017553,0.0640624
POL-017554,0.048282538
POL-017555,0.13908574
POL-017556,0.055435378
POL-017557,0.07985122
POL-017558,0.047044944
POL-017559,0.11888475
POL-017560,0.04271262
POL-017561,0.16187835
POL-017562,0.037182994
POL-017563,0.027683629
POL-017564,0.08160738
POL-017565,0.043495048
POL-017566,0.040696353
POL-017567,0.089899965
POL-017568,0.16079482
POL-017569,0.047352597
POL-017570,0.12502243
POL-017571,0.13475555
POL-017572,0.052750938
POL-017573,0.035896096
POL-017574,0.07888279
POL-017575,0.049351
POL-017576,0.1631189
POL-017577,0.03523366
POL-017578,0.016563714
POL-017579,0.15840302
POL-017580,0.054980114
POL-017581,0.07774757
POL-017582,0.03666385
POL-017583,0.09488424
POL-017584,0.14468123
POL-017585,0.08283277
POL-017586,0.046488617
POL-017587,0.08517784
POL-017588,0.07447991
POL-017589,0.07315056
POL-017590,0.28919542
POL-017591,0.054691833
POL-017592,0.07849575
POL-017593,0.07020893
POL-017594,0.0941006
POL-017595,0.122415654
POL-017596,0.15646799
POL-017597,0.058346324
POL-017598,0.03303716
POL-017599,0.05834371
POL-017600,0.06593601
POL-017601,0.07689235
POL-017602,0.062296778
POL-017603,0.034004625
POL-017604,0.07391406
POL-017605,0.0431519
POL-017606,0.02338188
POL-017607,0.026162984
POL-017608,0.06173575
POL-017609,0.04657796
POL-017610,0.1391813
POL-017611,0.071613185
POL-017612,0.102738515
POL-017613,0.1273564
POL-017614,0.16447507
POL-017615,0.1247208
POL-017616,0.10279268
POL-017617,0.022616217
POL-017618,0.06353126
POL-017619,0.160032
POL-017620,0.077319354
POL-017621,0.11340613
POL-017622,0.14703506
POL-017623,0.36563784
POL-017624,0.09677761
POL-017625,0.035099052
POL-017626,0.042771146
POL-017627,0.107529394
POL-017628,0.057004835
POL-017629,0.18683349
POL-017630,0.06910068
POL-017631,0.1440414
POL-017632,0.0921136
POL-017633,0.14424086
POL-017634,0.066520035
POL-017635,0.0965101
POL-017636,0.14503977
POL-017637,0.086276814
POL-017638,0.15271105
POL-017639,0.07713398
POL-017640,0.049070302
POL-017641,0.048117224
POL-017642,0.06703234
POL-017643,0.11588575
POL-017644,0.09873524
POL-017645,0.07524443
POL-017646,0.045056462
POL-017647,0.11464736
POL-017648,0.09605459
POL-017649,0.22051965
POL-017650,0.08661047
POL-017651,0.20629968
POL-017652,0.09882118
POL-017653,0.0755292
POL-017654,0.061388545
POL-017655,0.3699197
POL-017656,0.16447808
POL-017657,0.055250686
POL-017658,0.34914798
POL-017659,0.16774751
POL-017660,0.070277706
POL-017661,0.23680685
POL-017662,0.1289488
POL-017663,0.09069244
POL-017664,0.052407313
POL-017665,0.033311233
POL-017666,0.06922669
POL-017667,0.12863374
POL-017668,0.12379644
POL-017669,0.053546887
POL-017670,0.2536935
POL-017671,0.11614347
POL-017672,0.06083632
POL-017673,0.08231206
POL-017674,0.16214469
POL-017675,0.05475308
POL-017676,0.081745595
POL-017677,0.044542287
POL-017678,0.048669152
POL-017679,0.1571706
POL-017680,0.034816694
POL-017681,0.13633592
POL-017682,0.026599737
POL-017683,0.031128217
POL-017684,0.048905123
POL-017685,0.07046957
POL-017686,0.06233283
POL-017687,0.07556553
POL-017688,0.24055916
POL-017689,0.096983515
POL-017690,0.093526416
POL-017691,0.08777095
POL-017692,0.06982008
POL-017693,0.026441189
POL-017694,0.30114114
POL-017695,0.07680325
POL-017696,0.1719271
POL-017697,0.056607563
POL-017698,0.10725635
POL-017699,0.12598835
POL-017700,0.086277835
POL-017701,0.046606194
POL-017702,0.044745486
POL-017703,0.07450333
POL-017704,0.075533226
POL-017705,0.03697368
POL-017706,0.13482276
POL-017707,0.21502988
POL-017708,0.07517513
POL-017709,0.16411555
POL-017710,0.27381814
POL-017711,0.04248219
POL-017712,0.08194737
POL-017713,0.105489045
POL-017714,0.1244757
POL-017715,0.072146386
POL-017716,0.036850903
POL-017717,0.029896518
POL-017718,0.030150097
POL-017719,0.10694552
POL-017720,0.17591934
POL-017721,0.021939207
POL-017722,0.03677175
POL-017723,0.067042686
POL-017724,0.08601206
POL-017725,0.1911517
POL-017726,0.10693185
POL-017727,0.07320248
POL-017728,0.08597565
POL-017729,0.12989828
POL-017730,0.06923767
POL-017731,0.14061959
POL-017732,0.16990474
POL-017733,0.16964675
POL-017734,0.09879503
POL-017735,0.05351605
POL-017736,0.016717788
POL-017737,0.11169613
POL-017738,0.07329405
POL-017739,0.08404133
POL-017740,0.047077697
POL-017741,0.09248485
POL-017742,0.10028884
POL-017743,0.036160473
POL-017744,0.051146388
POL-017745,0.1701574
POL-017746,0.11870837
POL-017747,0.1285203
POL-017748,0.18285362
POL-017749,0.09132125
POL-017750,0.024606198
POL-017751,0.07349734
POL-017752,0.073565975
POL-017753,0.10136621
POL-017754,0.045163836
POL-017755,0.023250505
POL-017756,0.03679452
POL-017757,0.07944523
POL-017758,0.08461816
POL-017759,0.22783408
POL-017760,0.0387229
POL-017761,0.08678477
POL-017762,0.1261239
POL-017763,0.17690203
POL-017764,0.109219946
POL-017765,0.08961191
POL-017766,0.058962055
POL-017767,0.06712372
POL-017768,0.08833534
POL-017769,0.06615344
POL-017770,0.040812124
POL-017771,0.05305509
POL-017772,0.03316537
POL-017773,0.07303474
POL-017774,0.052270185
POL-017775,0.10932202
POL-017776,0.021037484
POL-017777,0.10725795
POL-017778,0.05927983
POL-017779,0.027509445
POL-017780,0.10282698
POL-017781,0.084922306
POL-017782,0.115312256
POL-017783,0.14002645
POL-017784,0.04344416
POL-017785,0.057135355
POL-017786,0.06806101
POL-017787,0.22670943
POL-017788,0.033306353
POL-017789,0.05101975
POL-017790,0.06488774
POL-017791,0.033089172
POL-017792,0.036425445
POL-017793,0.07372427
POL-017794,0.35174143
POL-017795,0.051783524
POL-017796,0.026190208
POL-017797,0.079591356
POL-017798,0.14941978
POL-017799,0.08565974
POL-017800,0.10316702
POL-017801,0.1178078
POL-017802,0.13116068
POL-017803,0.043044817
POL-017804,0.04092307
POL-017805,0.21991538
POL-017806,0.051004633
POL-017807,0.033243854
POL-017808,0.03090675
POL-017809,0.17152068
POL-017810,0.3859461
POL-017811,0.091781646
POL-017812,0.15633331
POL-017813,0.17215347
POL-017814,0.065325595
POL-017815,0.038459297
POL-017816,0.10514434
POL-017817,0.058270648
POL-017818,0.045052145
POL-017819,0.019683447
POL-017820,0.088709325
POL-017821,0.10892253
POL-017822,0.061467186
POL-017823,0.058592934
POL-017824,0.083442174
POL-017825,0.067386925
POL-017826,0.11593367
POL-017827,0.10430922
POL-017828,0.060381293
POL-017829,0.0750099
POL-017830,0.08566619
POL-017831,0.07195157
POL-017832,0.09447826
POL-017833,0.1477619
POL-017834,0.18656005
POL-017835,0.04610492
POL-017836,0.08397986
POL-017837,0.100273594
POL-017838,0.1918115
POL-017839,0.12692477
POL-017840,0.1235213
POL-017841,0.07086206
POL-017842,0.043903586
POL-017843,0.028247312
POL-017844,0.029257955
POL-017845,0.06059082
POL-017846,0.5465506
POL-017847,0.04435323
POL-017848,0.08203101
POL-017849,0.2050661
POL-017850,0.03396577
POL-017851,0.050077405
POL-017852,0.1735189
POL-017853,0.098250516
POL-017854,0.054767385
POL-017855,0.26411125
POL-017856,0.028351545
POL-017857,0.042351194
POL-017858,0.10913822
POL-017859,0.051328257
POL-017860,0.122490756
POL-017861,0.023234354
POL-017862,0.07153229
POL-017863,0.27817652
POL-017864,0.08294002
POL-017865,0.25919962
POL-017866,0.24096423
POL-017867,0.061445102
POL-017868,0.050527573
POL-017869,0.16337262
POL-017870,0.07455384
POL-017871,0.078793295
POL-017872,0.07349831
POL-017873,0.027034279
POL-017874,0.038515314
POL-017875,0.12974393
POL-017876,0.18502602
POL-017877,0.029942436
POL-017878,0.036333233
POL-017879,0.16348788
POL-017880,0.053696588
POL-017881,0.07595771
POL-017882,0.15627955
POL-017883,0.07420147
POL-017884,0.08508932
POL-017885,0.035363544
POL-017886,0.058880713
POL-017887,0.047922138
POL-017888,0.1873632
POL-017889,0.15478887
POL-017890,0.106035925
POL-017891,0.08354511
POL-017892,0.104002565
POL-017893,0.05100889
POL-017894,0.057644244
POL-017895,0.061954737
POL-017896,0.12029415
POL-017897,0.056121018
POL-017898,0.19113743
POL-017899,0.060213253
POL-017900,0.09464076
POL-017901,0.09137379
POL-017902,0.262033
POL-017903,0.14204353
POL-017904,0.03701323
POL-017905,0.06069337
POL-017906,0.087549776
POL-017907,0.053807423
POL-017908,0.11417716
POL-017909,0.09147821
POL-017910,0.12274231
POL-017911,0.086785495
POL-017912,0.15657096
POL-017913,0.12650427
POL-017914,0.11135351
POL-017915,0.0886501
POL-017916,0.07002093
POL-017917,0.11434439
POL-017918,0.09700881
POL-017919,0.1173153
POL-017920,0.116641626
POL-017921,0.08852437
POL-017922,0.023751464
POL-017923,0.1182267
POL-017924,0.08244967
POL-017925,0.028065694
POL-017926,0.16585724
POL-017927,0.22426565
POL-017928,0.03637701
POL-017929,0.071764186
POL-017930,0.06882585
POL-017931,0.07873869
POL-017932,0.13185251
POL-017933,0.18941003
POL-017934,0.14395568
POL-017935,0.1425317
POL-017936,0.04075028
POL-017937,0.35151878
POL-017938,0.098605685
POL-017939,0.060844127
POL-017940,0.081619866
POL-017941,0.013907884
POL-017942,0.12869401
POL-017943,0.06633696
POL-017944,0.097755454
POL-017945,0.17235814
POL-017946,0.040710494
POL-017947,0.23377228
POL-017948,0.034366183
POL-017949,0.105350874
POL-017950,0.05261636
POL-017951,0.09578818
POL-017952,0.10699727
POL-017953,0.046184666
POL-017954,0.091417566
POL-017955,0.09316078
POL-017956,0.0947893
POL-017957,0.035272323
POL-017958,0.06627604
POL-017959,0.07507176
POL-017960,0.123891436
POL-017961,0.08424974
POL-017962,0.0823378
POL-017963,0.02717293
POL-017964,0.04407082
POL-017965,0.095140114
POL-017966,0.019073319
POL-017967,0.0763051
POL-017968,0.15450108
POL-017969,0.31753942
POL-017970,0.080842376
POL-017971,0.14694381
POL-017972,0.11419952
POL-017973,0.078413874
POL-017974,0.19288321
POL-017975,0.09833452
POL-017976,0.08026378
POL-017977,0.21462737
POL-017978,0.12092924
POL-017979,0.119707465
POL-017980,0.057599038
POL-017981,0.12197575
POL-017982,0.05302375
POL-017983,0.06247934
POL-017984,0.078390114
POL-017985,0.07702676
POL-017986,0.08535636
POL-017987,0.23189545
POL-017988,0.089676216
POL-017989,0.0867679
POL-017990,0.04200235
POL-017991,0.10661145
POL-017992,0.117700174
POL-017993,0.058277093
POL-017994,0.086768106
POL-017995,0.058156937
POL-017996,0.09630614
POL-017997,0.14175601
POL-017998,0.071906984
POL-017999,0.07443236
POL-018000,0.096471
